{"m_nLevel":12,"m_vecPositon":{"x":3.4000000953674318,"y":5.599999904632568,"z":7.800000190734863}}